timestamp,kind,source,message
2026-09-21 00:58:10.241,info,ui,AymashTain LED RGB Remote 1.0.0 started
2026-09-21 00:58:18.045,ble,ble,Connecting to GATT--DEMO (41:42:F9:D7:45:B0)…
2026-09-21 00:58:18.465,ble,ble,Connecting to GATT--DEMO (41:42:59:F1:C8:68)…
2026-09-21 00:58:18.467,ble,ble,Connecting to GATT--DEMO (41:42:43:E7:8B:F6)…
2026-09-21 00:58:22.855,ble,ble,Connected GATT--DEMO → write char 0000fff3-0000-1000-8000-00805f9b34fb
2026-09-21 00:58:23.546,ble,ble,Connected GATT--DEMO → write char 0000fff3-0000-1000-8000-00805f9b34fb
2026-09-21 00:58:24.670,ble,ble,Connected GATT--DEMO → write char 0000fff3-0000-1000-8000-00805f9b34fb
2026-09-21 00:58:33.587,send,ble,GATT--DEMO ← BC040600B403E8000055 (color)
2026-09-21 00:58:33.588,send,ble,GATT--DEMO ← BC040600B403E8000055 (color)
2026-09-21 00:58:33.588,send,ble,GATT--DEMO ← BC040600B403E8000055 (color)
2026-09-21 00:58:33.592,send,ble,GATT--DEMO ← BC050604000000000055 (brightness)
2026-09-21 00:58:33.594,send,ble,GATT--DEMO ← BC050604000000000055 (brightness)
2026-09-21 00:58:33.594,send,ble,GATT--DEMO ← BC050604000000000055 (brightness)
2026-09-21 00:58:33.848,send,ble,GATT--DEMO ← BC0406000003E8000055 (color)
2026-09-21 00:58:33.849,send,ble,GATT--DEMO ← BC0406000003E8000055 (color)
2026-09-21 00:58:33.849,send,ble,GATT--DEMO ← BC0406000003E8000055 (color)
2026-09-21 00:58:33.852,send,ble,GATT--DEMO ← BC050604000000000055 (brightness)
2026-09-21 00:58:33.853,send,ble,GATT--DEMO ← BC050604000000000055 (brightness)
2026-09-21 00:58:33.854,send,ble,GATT--DEMO ← BC050604000000000055 (brightness)
2026-09-21 00:58:34.093,send,ble,GATT--DEMO ← BC040600B403E8000055 (color)
2026-09-21 00:58:34.095,send,ble,GATT--DEMO ← BC050604000000000055 (brightness)
2026-09-21 00:58:34.108,send,ble,GATT--DEMO ← BC040600B403E8000055 (color)
2026-09-21 00:58:34.109,send,ble,GATT--DEMO ← BC040600B403E8000055 (color)
2026-09-21 00:58:34.111,send,ble,GATT--DEMO ← BC050604000000000055 (brightness)
2026-09-21 00:58:34.112,send,ble,GATT--DEMO ← BC050604000000000055 (brightness)
2026-09-21 00:58:41.743,send,ble,GATT--DEMO ← BC0406000003E8000055 (color)
2026-09-21 00:58:41.746,send,ble,GATT--DEMO ← BC050604000000000055 (brightness)
2026-09-21 00:58:41.811,send,ble,GATT--DEMO ← BC0406000003E8000055 (color)
2026-09-21 00:58:41.814,send,ble,GATT--DEMO ← BC050604000000000055 (brightness)
2026-09-21 00:58:41.873,send,ble,GATT--DEMO ← BC0406000003E8000055 (color)
2026-09-21 00:58:41.876,send,ble,GATT--DEMO ← BC050604000000000055 (brightness)
2026-09-21 00:58:43.476,send,ble,GATT--DEMO ← BC040600F003E8000055 (color)
2026-09-21 00:58:43.479,send,ble,GATT--DEMO ← BC050604000000000055 (brightness)
2026-09-21 00:58:43.560,send,ble,GATT--DEMO ← BC040600F003E8000055 (color)
2026-09-21 00:58:43.564,send,ble,GATT--DEMO ← BC050604000000000055 (brightness)
2026-09-21 00:58:43.633,send,ble,GATT--DEMO ← BC040600F003E8000055 (color)
2026-09-21 00:58:43.636,send,ble,GATT--DEMO ← BC050604000000000055 (brightness)
2026-09-21 00:58:45.289,send,ble,GATT--DEMO ← BC0406001A03E8000055 (color)
2026-09-21 00:58:45.292,send,ble,GATT--DEMO ← BC050604000000000055 (brightness)
2026-09-21 00:58:45.365,send,ble,GATT--DEMO ← BC0406001A03E8000055 (color)
2026-09-21 00:58:45.368,send,ble,GATT--DEMO ← BC050604000000000055 (brightness)
2026-09-21 00:58:45.426,send,ble,GATT--DEMO ← BC0406001A03E8000055 (color)
2026-09-21 00:58:45.428,send,ble,GATT--DEMO ← BC050604000000000055 (brightness)
2026-09-21 01:01:45.309,camera,ui,Preview started on camera 0
2026-09-21 01:07:55.215,send,ble,GATT--DEMO ← BC0406000003E8000055 (sweep:hue)
2026-09-21 01:07:55.279,send,ble,GATT--DEMO ← BC0406000003E8000055 (sweep:hue)
2026-09-21 01:07:55.350,send,ble,GATT--DEMO ← BC0406000003E8000055 (sweep:hue)
2026-09-21 01:07:55.622,camera,ui,"hue=0° → rgb(246, 147, 150) hue 358° white 60%"
2026-09-21 01:07:55.626,sweep,ui,[1/12] BC0406000003E8000055 → 3 device(s)
2026-09-21 01:07:56.030,send,ble,GATT--DEMO ← BC0406001E03E8000055 (sweep:hue)
2026-09-21 01:07:56.105,send,ble,GATT--DEMO ← BC0406001E03E8000055 (sweep:hue)
2026-09-21 01:07:56.170,send,ble,GATT--DEMO ← BC0406001E03E8000055 (sweep:hue)
2026-09-21 01:07:56.388,camera,ui,"hue=30° → rgb(227, 224, 222) hue 23° white 98%"
2026-09-21 01:07:56.391,sweep,ui,[2/12] BC0406001E03E8000055 → 3 device(s)
2026-09-21 01:07:56.806,send,ble,GATT--DEMO ← BC0406003C03E8000055 (sweep:hue)
2026-09-21 01:07:56.864,send,ble,GATT--DEMO ← BC0406003C03E8000055 (sweep:hue)
2026-09-21 01:07:56.920,send,ble,GATT--DEMO ← BC0406003C03E8000055 (sweep:hue)
2026-09-21 01:07:57.155,camera,ui,"hue=60° → rgb(232, 247, 239) hue 146° white 94%"
2026-09-21 01:07:57.160,sweep,ui,[3/12] BC0406003C03E8000055 → 3 device(s)
2026-09-21 01:07:57.571,send,ble,GATT--DEMO ← BC0406005A03E8000055 (sweep:hue)
2026-09-21 01:07:57.631,send,ble,GATT--DEMO ← BC0406005A03E8000055 (sweep:hue)
2026-09-21 01:07:57.698,send,ble,GATT--DEMO ← BC0406005A03E8000055 (sweep:hue)
2026-09-21 01:07:57.897,camera,ui,"hue=90° → rgb(233, 248, 238) hue 139° white 94%"
2026-09-21 01:07:57.902,sweep,ui,[4/12] BC0406005A03E8000055 → 3 device(s)
2026-09-21 01:07:58.313,send,ble,GATT--DEMO ← BC0406007803E8000055 (sweep:hue)
2026-09-21 01:07:58.375,send,ble,GATT--DEMO ← BC0406007803E8000055 (sweep:hue)
2026-09-21 01:07:58.443,send,ble,GATT--DEMO ← BC0406007803E8000055 (sweep:hue)
2026-09-21 01:07:58.691,camera,ui,"hue=120° → rgb(210, 255, 221) hue 134° white 83%"
2026-09-21 01:07:58.697,sweep,ui,[5/12] BC0406007803E8000055 → 3 device(s)
2026-09-21 01:07:59.109,send,ble,GATT--DEMO ← BC0406009603E8000055 (sweep:hue)
2026-09-21 01:07:59.170,send,ble,GATT--DEMO ← BC0406009603E8000055 (sweep:hue)
2026-09-21 01:07:59.248,send,ble,GATT--DEMO ← BC0406009603E8000055 (sweep:hue)
2026-09-21 01:07:59.460,camera,ui,"hue=150° → rgb(205, 254, 237) hue 159° white 81%"
2026-09-21 01:07:59.466,sweep,ui,[6/12] BC0406009603E8000055 → 3 device(s)
2026-09-21 01:07:59.873,send,ble,GATT--DEMO ← BC040600B403E8000055 (sweep:hue)
2026-09-21 01:07:59.943,send,ble,GATT--DEMO ← BC040600B403E8000055 (sweep:hue)
2026-09-21 01:07:59.999,send,ble,GATT--DEMO ← BC040600B403E8000055 (sweep:hue)
2026-09-21 01:08:00.292,camera,ui,"hue=180° → rgb(200, 252, 253) hue 181° white 79%"
2026-09-21 01:08:00.299,sweep,ui,[7/12] BC040600B403E8000055 → 3 device(s)
2026-09-21 01:08:00.708,send,ble,GATT--DEMO ← BC040600D203E8000055 (sweep:hue)
2026-09-21 01:08:00.769,send,ble,GATT--DEMO ← BC040600D203E8000055 (sweep:hue)
2026-09-21 01:08:00.838,send,ble,GATT--DEMO ← BC040600D203E8000055 (sweep:hue)
2026-09-21 01:08:01.059,camera,ui,"hue=210° → rgb(177, 239, 255) hue 192° white 69%"
2026-09-21 01:08:01.067,sweep,ui,[8/12] BC040600D203E8000055 → 3 device(s)
2026-09-21 01:08:01.466,send,ble,GATT--DEMO ← BC040600F003E8000055 (sweep:hue)
2026-09-21 01:08:01.540,send,ble,GATT--DEMO ← BC040600F003E8000055 (sweep:hue)
2026-09-21 01:08:01.599,send,ble,GATT--DEMO ← BC040600F003E8000055 (sweep:hue)
2026-09-21 01:08:01.867,camera,ui,"hue=240° → rgb(135, 189, 253) hue 212° white 53%"
2026-09-21 01:08:01.875,sweep,ui,[9/12] BC040600F003E8000055 → 3 device(s)
2026-09-21 01:08:02.288,send,ble,GATT--DEMO ← BC0406010E03E8000055 (sweep:hue)
2026-09-21 01:08:02.347,send,ble,GATT--DEMO ← BC0406010E03E8000055 (sweep:hue)
2026-09-21 01:08:02.409,send,ble,GATT--DEMO ← BC0406010E03E8000055 (sweep:hue)
2026-09-21 01:08:02.724,camera,ui,"hue=270° → rgb(201, 174, 254) hue 260° white 68%"
2026-09-21 01:08:02.733,sweep,ui,[10/12] BC0406010E03E8000055 → 3 device(s)
2026-09-21 01:08:03.140,send,ble,GATT--DEMO ← BC0406012C03E8000055 (sweep:hue)
2026-09-21 01:08:03.210,send,ble,GATT--DEMO ← BC0406012C03E8000055 (sweep:hue)
2026-09-21 01:08:03.279,send,ble,GATT--DEMO ← BC0406012C03E8000055 (sweep:hue)
2026-09-21 01:08:03.492,camera,ui,"hue=300° → rgb(206, 171, 254) hue 265° white 68%"
2026-09-21 01:08:03.501,sweep,ui,[11/12] BC0406012C03E8000055 → 3 device(s)
2026-09-21 01:08:03.910,send,ble,GATT--DEMO ← BC0406014A03E8000055 (sweep:hue)
2026-09-21 01:08:03.977,send,ble,GATT--DEMO ← BC0406014A03E8000055 (sweep:hue)
2026-09-21 01:08:04.029,send,ble,GATT--DEMO ← BC0406014A03E8000055 (sweep:hue)
2026-09-21 01:08:04.226,camera,ui,"hue=330° → rgb(224, 161, 253) hue 282° white 64%"
2026-09-21 01:08:04.237,sweep,ui,[12/12] BC0406014A03E8000055 → 3 device(s)
